Gene_set,Term,Overlap,P-value,Adjusted P-value,Old P-value,Old Adjusted P-value,Odds Ratio,Combined Score,Genes
GO_Cellular_Component_2021,axon (GO:0030424),10/204,0.0003306958325176909,0.0187236001422954,0,0,4.063019620884603,32.56230503514033,KIRREL3;NRP1;ROBO3;DCTN1;LRRK2;NTRK3;MX1;LRP2;ADCY8;SLC8A2
GO_Cellular_Component_2021,neuron projection (GO:0043005),18/556,0.00034329437171215185,0.0187236001422954,0,0,2.6771375464684013,21.355318066886632,GABRB3;KIRREL3;NRP1;ROBO3;ADCYAP1R1;DCTN1;LRRK2;NTRK3;MX1;LRP4;LRP2;ADCY8;ELFN1;SLC8A2;RELN;SV2A;DNER;IGSF9B
GO_Cellular_Component_2021,endoplasmic reticulum lumen (GO:0005788),12/285,0.00034920704693994155,0.0187236001422954,0,0,3.4787813812204056,27.69056251051325,COL28A1;COL18A1;COL27A1;COL5A1;IGFBP5;IGFBP4;IGFBP3;MXRA8;COL4A6;PDGFA;SCG3;ADAMTS7
GO_Cellular_Component_2021,collagen-containing extracellular matrix (GO:0062023),14/380,0.0004458000033879877,0.0187236001422954,0,0,3.0375347128908,23.43652472526438,COL28A1;LGALS3BP;COL18A1;COL27A1;FGL2;PRELP;PODN;FRAS1;COL5A1;COL4A6;NDP;CTSD;CDON;S100A10
GO_Cellular_Component_2021,membrane raft (GO:0045121),8/163,0.0012822165229255,0.0430824751702977,0,0,4.043767741935484,26.92811677740942,GJA1;LRRK2;LRP4;FURIN;DMD;ADCY8;CTSD;S100A10
GO_Cellular_Component_2021,exocytic vesicle membrane (GO:0099501),4/41,0.0018830838194928,0.045194011667828,0,0,8.38689082783571,52.62643592147775,UNC13B;MCTP1;SV2A;SYN3
GO_Cellular_Component_2021,synaptic vesicle membrane (GO:0030672),4/41,0.0018830838194928,0.045194011667828,0,0,8.38689082783571,52.62643592147775,UNC13B;MCTP1;SV2A;SYN3
