Gene_set,Term,Overlap,P-value,Adjusted P-value,Old P-value,Old Adjusted P-value,Odds Ratio,Combined Score,Genes
KEGG_2021_Human,Insulin secretion,8/86,1.5322673851156752e-05,0.0028653400101663,0,0,8.067282051282051,89.43531572518579,RIMS2;RYR2;ADCYAP1R1;CREB3L1;KCNMA1;ADCY8;RAPGEF4;TRPM4
KEGG_2021_Human,Calcium signaling pathway,12/240,7.066253182485851e-05,0.0066069467256242,0,0,4.175010697475396,39.90306172445414,RYR2;PDE1C;PDE1B;NTRK3;ERBB2;ORAI2;CACNA1B;PDGFA;VEGFC;ADCY8;RYR3;SLC8A2
KEGG_2021_Human,Circadian entrainment,7/97,0.0002622526450871632,0.0163470815437665,0,0,6.089597166888003,50.21604970457286,GUCY1A2;RYR2;ADCYAP1R1;ADCY8;RYR3;PRKG1;GRIA4
